<?xml version="1.0" encoding="UTF-8"?>
<configuration scan="true" scanPeriod="1 minutes">
    <include resource="org/springframework/boot/logging/logback/defaults.xml"/>
    <property name="LOG_PATH" value="./logs"/>
    <property name="LOG_FILE" value="log"/>
    <property name="LOG_EXT" value="log"/>
    <include resource="org/springframework/boot/logging/logback/console-appender.xml"/>

    <appender name="ROLLING-FILE" class="ch.qos.logback.core.rolling.RollingFileAppender">
        <encoder>
            <pattern>${FILE_LOG_PATTERN}</pattern>
        </encoder>
        <file>${LOG_PATH}/${LOG_FILE}.${LOG_EXT}</file>
		<rollingPolicy class="ch.qos.logback.core.rolling.TimeBasedRollingPolicy">
			<!-- daily rollover -->
			<fileNamePattern>${LOG_PATH}/archived/${LOG_FILE}_%d{yyyy-MM-dd}_%i.${LOG_EXT}</fileNamePattern>
			<timeBasedFileNamingAndTriggeringPolicy	class="ch.qos.logback.core.rolling.SizeAndTimeBasedFNATP">
				<!-- or whenever the file size reaches 10MB -->
				<maxFileSize>10MB</maxFileSize>
			</timeBasedFileNamingAndTriggeringPolicy>
			<!-- keep 30 days' worth of history -->
			<maxHistory>30</maxHistory>
		</rollingPolicy>
    </appender>

    <root level="INFO">
        <appender-ref ref="ROLLING-FILE"/>
        <appender-ref ref="CONSOLE"/>
    </root>
    
</configuration>